{"name":"drumbit","metadata":{"author":"","title":"","remarks":""},"options":{"tempo":100,"swing":0.7,"kit":"2","effect":{"id":"7","level":0.4},"compressor":{"bypass":0,"threshold":-20,"ratio":4,"attack":0.3889999985694885,"release":0.25,"knee":5},"lowpass":{"bypass":1,"frequency":800,"q":1},"highpass":{"bypass":1,"frequency":800,"q":1}},"pattern1":{"track1":{"vol":1,"pan":0,"pitch":1,"steps":[0,0,0,0,0,0,0,0,0,0,0,0,0,0,0,0]},"track2":{"vol":1,"pan":0,"pitch":1,"steps":[0,0,0,0,0,0,0,0,0,0,0,0,0,0,0,0]},"track3":{"vol":1,"pan":0,"pitch":1,"steps":[0,0,0,0,0,0,0,0,0,0,0,0,0,0,0,0]},"track4":{"vol":1,"pan":0,"pitch":1,"steps":[0,0,0,0,0,0,0,0,0,0,0,0,0,0,0,0]},"track5":{"vol":1,"pan":0,"pitch":1,"steps":[0,0,0,0,0,0,0,0,0,0,0,0,0,0,0,0]},"track6":{"vol":1,"pan":40,"pitch":1,"steps":[0,0,0,0,0,0,0,0,0,0,0,0,0,0,0,0]},"track7":{"vol":1,"pan":-40,"pitch":0.9,"steps":[0,0,0,0,1,0,0,0,0,0,0,0,1,0,0,0]},"track8":{"vol":1,"pan":0,"pitch":0.8,"steps":[1,0,0,0,0,0,0,0,1,0,0,0,0,0,0,0]}},"pattern2":{"track1":{"vol":1,"pan":0,"pitch":1,"steps":[0,0,0,0,0,0,0,0,0,0,0,0,0,0,0,0]},"track2":{"vol":1,"pan":0,"pitch":1,"steps":[0,0,0,0,0,0,0,0,0,0,0,0,0,0,0,0]},"track3":{"vol":1,"pan":0,"pitch":1,"steps":[0,0,0,0,0,0,0,0,0,0,0,0,0,0,0,0]},"track4":{"vol":1,"pan":0,"pitch":1,"steps":[0,0,0,0,0,0,0,0,0,0,0,0,0,0,0,0]},"track5":{"vol":1,"pan":0,"pitch":1,"steps":[0,0,0,0,0,0,0,0,0,0,0,0,0,0,0,0]},"track6":{"vol":1,"pan":40,"pitch":1,"steps":[0,0,0,0,0,0,0,0,0,0,0,0,0,0,0,0]},"track7":{"vol":1,"pan":-40,"pitch":0.9,"steps":[0,0,0,0,0,0,0,0,0,0,0,0,0,0,0,0]},"track8":{"vol":1,"pan":0,"pitch":0.8,"steps":[0,0,0,0,0,0,0,0,0,0,0,0,0,0,0,0]}},"pattern3":{"track1":{"vol":1,"pan":0,"pitch":1,"steps":[0,0,0,0,0,0,0,0,0,0,0,0,0,0,0,0]},"track2":{"vol":1,"pan":0,"pitch":1,"steps":[0,0,0,0,0,0,0,0,0,0,0,0,0,0,0,0]},"track3":{"vol":1,"pan":0,"pitch":1,"steps":[0,0,0,0,0,0,0,0,0,0,0,0,0,0,0,0]},"track4":{"vol":1,"pan":0,"pitch":1,"steps":[0,0,0,0,0,0,0,0,0,0,0,0,0,0,0,0]},"track5":{"vol":1,"pan":0,"pitch":1,"steps":[0,0,0,0,0,0,0,0,0,0,0,0,0,0,0,0]},"track6":{"vol":1,"pan":40,"pitch":1,"steps":[0,0,0,0,0,0,0,0,0,0,0,0,0,0,0,0]},"track7":{"vol":1,"pan":-40,"pitch":0.9,"steps":[0,0,0,0,0,0,0,0,0,0,0,0,0,0,0,0]},"track8":{"vol":1,"pan":0,"pitch":0.8,"steps":[0,0,0,0,0,0,0,0,0,0,0,0,0,0,0,0]}},"pattern4":{"track1":{"vol":1,"pan":0,"pitch":1,"steps":[0,0,0,0,0,0,0,0,0,0,0,0,0,0,0,0]},"track2":{"vol":1,"pan":0,"pitch":1,"steps":[0,0,0,0,0,0,0,0,0,0,0,0,0,0,0,0]},"track3":{"vol":1,"pan":0,"pitch":1,"steps":[0,0,0,0,0,0,0,0,0,0,0,0,0,0,0,0]},"track4":{"vol":1,"pan":0,"pitch":1,"steps":[0,0,0,0,0,0,0,0,0,0,0,0,0,0,0,0]},"track5":{"vol":1,"pan":0,"pitch":1,"steps":[0,0,0,0,0,0,0,0,0,0,0,0,0,0,0,0]},"track6":{"vol":1,"pan":40,"pitch":1,"steps":[0,0,0,0,0,0,0,0,0,0,0,0,0,0,0,0]},"track7":{"vol":1,"pan":-40,"pitch":0.9,"steps":[0,0,0,0,0,0,0,0,0,0,0,0,0,0,0,0]},"track8":{"vol":1,"pan":0,"pitch":0.8,"steps":[0,0,0,0,0,0,0,0,0,0,0,0,0,0,0,0]}}}